Категория,Техника/Алгоритм,Применение к TTS,Сложность реализации,Эффективность,Вычислительные затраты
Статистические методы,CUSUM Change Point Detection,Детекция изменений в loss функции,Средняя,Высокая,Низкие
Статистические методы,Sequential Probability Ratio Test,Определение стабилизации метрик,Высокая,Очень высокая,Средние
Статистические методы,Mann-Kendall Trend Test,Анализ тренда качества речи,Низкая,Средняя,Низкие
Статистические методы,Kolmogorov-Smirnov Test,Сравнение распределений аудио,Средняя,Средняя,Низкие
Байесовская оптимизация,Gaussian Process Convergence,Прогнозирование конвергенции модели,Высокая,Очень высокая,Высокие
Байесовская оптимизация,Tree-Structured Parzen Estimator,Оптимизация гиперпараметров,Высокая,Очень высокая,Высокие
Байесовская оптимизация,Multi-Armed Bandit Optimization,Балансировка исследования/эксплуатации,Средняя,Высокая,Средние
Байесовская оптимизация,Hyperband Early Stopping,Раннее прекращение с адаптацией,Средняя,Высокая,Низкие
Регуляризация,Spectral Dropout,Dropout для энкодера/декодера,Низкая,Высокая,Низкие
Регуляризация,Variational Dropout,Вариационная регуляризация,Средняя,Высокая,Средние
Регуляризация,Weight Decay with Momentum,Контроль весов внимания,Низкая,Средняя,Низкие
Регуляризация,Gradient Clipping with Scaling,Стабилизация градиентов,Низкая,Средняя,Низкие
Анализ внимания,Attention Alignment Monitoring,Мониторинг качества выравнивания,Средняя,Очень высокая,Средние
Анализ внимания,Monotonic Attention Regularization,Обеспечение монотонности,Высокая,Высокая,Средние
Анализ внимания,Cross-Attention Consistency Check,Проверка согласованности внимания,Средняя,Высокая,Средние
Адаптивные методы,Adaptive Learning Rate Scheduler,Адаптация скорости обучения,Средняя,Высокая,Низкие
Адаптивные методы,Curriculum-Based Patience,Терпение на основе учебного плана,Средняя,Высокая,Низкие
Адаптивные методы,Multi-Scale Validation,Валидация на разных масштабах времени,Высокая,Средняя,Высокие
Адаптивные методы,Dynamic Threshold Adjustment,Динамическая настройка порогов,Низкая,Высокая,Низкие
Ensemble методы,Snapshot Ensemble,Ансамбль снимков модели,Низкая,Высокая,Средние
Ensemble методы,Temporal Ensemble,Временное усреднение предсказаний,Средняя,Средняя,Средние
Ensemble методы,Stochastic Weight Averaging,Стохастическое усреднение весов,Низкая,Высокая,Низкие
